City,Monthly Mean Temperature,Monthly Mean Humidity,Monthly Mean Precipitation
The Hague,5.98 5.76 6.89 8.38 12.55 18.6 17.92 17.6 18.14 13.78 8.41 7.04,84.13 85.02 80.43 77.4 79.31 68.24 74.68 79.52 79.83 82.99 84.28 86.01,0.18 0.03 0.16 0.14 0.08 0.02 0.18 0.15 0.12 0.19 0.24 0.16
Eindhoven,5.18 5.23 7.01 8.62 13.62 20.35 18.73 18.02 18.42 13.55 7.37 6.35,85.56 83.39 79.07 74.98 73.83 57.52 69.83 78.78 76.72 81.84 86.87 86.77,0.14 0.04 0.18 0.13 0.08 0.06 0.15 0.13 0.07 0.17 0.17 0.14
Luxembourg,2.88 2.85 5.39 6.94 12.61 19.15 17.83 16.89 16.65 11.39 5.54 4.11,88.67 82.76 80.17 77.52 72.97 55.48 66.51 80.91 78.27 83.47 89.2 90.6,0.15 0.02 0.17 0.11 0.07 0.04 0.1 0.19 0.06 0.16 0.22 0.11
Rotterdam,5.64 5.5 6.82 8.42 12.83 19.08 18.1 17.65 18.15 13.66 8.05 6.74,85.09 84.79 80.48 76.54 78.02 65.37 73.6 79.99 80.15 83.84 86.11 86.87,0.18 0.03 0.17 0.13 0.09 0.02 0.19 0.14 0.11 0.21 0.22 0.17
Valencia,10.56 9.37 15.62 17.0 18.74 23.57 27.28 27.01 23.13 21.19 17.09 12.46,58.93 66.58 55.54 62.5 66.0 69.56 70.21 62.3 72.18 63.25 54.81 56.41,0.0 0.04 0.0 0.0 0.09 0.03 0.01 0.07 0.16 0.01 0.0 0.01
Helsinki,-0.85 -1.21 -1.15 3.01 7.91 13.94 15.44 17.12 15.86 6.48 1.73 -2.46,90.32 86.73 84.38 76.79 73.89 76.13 84.41 85.57 83.55 80.32 85.88 88.82,0.14 0.07 0.1 0.02 0.04 0.03 0.1 0.15 0.07 0.17 0.13 0.09
Amsterdam,5.52 5.58 6.53 8.26 12.62 18.44 17.64 17.14 17.76 13.19 7.69 6.53,85.51 85.24 81.13 77.49 78.69 68.8 76.49 82.57 82.12 85.39 86.82 87.3,0.19 0.05 0.15 0.14 0.11 0.01 0.19 0.13 0.09 0.24 0.21 0.17
Vienna,3.43 3.89 7.52 8.63 14.41 19.61 23.32 21.64 19.76 14.48 6.7 3.77,82.37 71.49 63.9 71.65 72.35 67.3 57.92 68.2 68.71 72.71 77.69 81.7,0.06 0.06 0.02 0.18 0.11 0.12 0.05 0.09 0.06 0.07 0.11 0.11
Munich,2.55 2.56 6.14 7.01 13.03 18.66 20.09 19.1 17.15 12.85 5.39 3.18,80.02 74.83 72.56 77.1 75.87 62.35 66.84 77.33 78.67 73.59 80.15 80.35,0.05 0.08 0.09 0.15 0.15 0.04 0.14 0.25 0.08 0.08 0.26 0.2
Copenhagen,3.95 3.19 3.77 6.67 11.6 17.01 16.98 16.89 17.01 10.92 5.15 3.27,87.13 83.22 79.42 72.6 68.19 70.26 73.03 82.34 81.54 80.07 83.41 86.19,0.13 0.05 0.1 0.03 0.02 0.04 0.13 0.17 0.03 0.15 0.18 0.1
Zurich,2.71 3.07 6.58 8.15 13.74 20.23 20.3 20.22 18.54 13.22 6.1 3.51,82.56 79.91 76.54 77.91 78.29 62.47 72.89 76.24 80.62 82.56 85.34 87.68,0.08 0.05 0.16 0.22 0.18 0.07 0.27 0.21 0.1 0.14 0.32 0.25
Reykjavik,-3.58 1.77 -2.28 4.59 6.66 9.79 11.38 11.99 8.28 4.57 2.3 -2.59,80.26 82.74 61.6 83.33 83.99 84.2 76.44 81.76 80.61 82.85 79.44 76.85,0.22 0.42 0.06 0.28 0.31 0.22 0.01 0.11 0.18 0.29 0.12 0.19
Stuttgart,4.25 3.83 7.45 8.64 14.39 20.25 20.93 19.99 18.58 13.37 6.97 4.95,80.17 77.36 73.32 75.12 73.88 59.43 62.69 76.95 74.05 75.34 80.29 83.45,0.06 0.05 0.11 0.13 0.11 0.03 0.11 0.19 0.04 0.11 0.18 0.18
Geneva,2.97 4.22 7.52 9.16 14.57 20.92 22.27 22.86 19.94 14.57 6.83 4.3,82.08 73.45 74.52 74.79 74.33 63.09 62.94 59.03 73.66 77.69 83.58 85.76,0.12 0.01 0.17 0.15 0.1 0.13 0.16 0.08 0.13 0.25 0.25 0.26
Frankfurt,3.07 2.22 5.91 7.44 13.76 19.19 19.92 18.93 17.29 12.18 5.3 3.35,83.96 81.85 76.09 74.89 67.7 59.81 61.24 77.11 74.89 78.97 85.07 88.31,0.06 0.09 0.13 0.09 0.06 0.03 0.12 0.2 0.03 0.1 0.16 0.14
Porto,9.89 10.13 12.37 14.88 17.25 19.34 19.12 20.7 18.98 18.35 14.04 10.52,78.48 66.11 82.17 78.36 70.84 83.49 79.1 76.25 82.03 78.63 84.7 80.53,0.31 0.01 0.21 0.05 0.11 0.06 0.02 0.01 0.22 0.43 0.31 0.23
Madrid,4.99 6.08 11.96 17.14 17.47 22.66 27.92 27.96 19.52 16.83 10.52 5.78,76.92 62.03 55.92 36.35 48.85 55.79 30.11 27.59 67.39 67.89 82.16 82.47,0.03 0.01 0.01 0.02 0.07 0.07 0.0 0.0 0.23 0.17 0.05 0.05
Gothenburg,2.66 2.32 1.67 6.83 11.96 17.24 15.56 16.12 16.1 8.62 2.57 0.7,91.36 85.32 81.6 69.02 66.15 68.51 81.1 86.0 85.12 81.43 87.52 88.37,0.2 0.1 0.21 0.04 0.05 0.04 0.27 0.26 0.1 0.19 0.07 0.14
Tallinn,-1.36 -1.13 -0.28 5.86 10.68 16.49 16.55 17.75 15.37 6.0 0.85 -3.0,91.64 85.87 81.86 68.76 61.04 62.77 77.29 83.14 83.7 80.13 89.01 90.22,0.12 0.07 0.08 0.04 0.03 0.04 0.14 0.21 0.11 0.16 0.14 0.08
Cologne,5.08 5.23 7.07 8.83 13.92 20.51 19.48 18.54 18.57 13.86 7.59 6.12,83.7 82.14 78.35 75.38 74.4 58.98 66.5 79.64 76.39 78.28 83.38 85.18,0.13 0.04 0.2 0.14 0.1 0.12 0.18 0.17 0.09 0.13 0.19 0.14
Tokyo,3.86 5.69 11.94 15.2 17.88 22.46 28.35 28.61 25.96 17.53 12.82 7.72,65.88 63.04 69.48 65.18 74.16 79.91 69.42 75.46 79.68 71.02 71.38 66.26,0.04 0.06 0.18 0.16 0.21 0.42 0.09 0.19 0.29 0.13 0.08 0.04
Edinburgh,5.04 6.67 5.43 7.53 11.27 14.98 14.9 15.13 14.38 10.43 6.26 5.73,82.23 80.63 79.63 78.98 81.02 76.08 76.88 79.75 80.88 81.79 85.84 85.32,0.09 0.06 0.14 0.1 0.06 0.07 0.19 0.09 0.16 0.24 0.14 0.2
Muscat,20.87 23.56 26.34 28.41 34.82 36.18 34.95 34.43 32.84 31.27 26.71 23.86,59.37 56.58 50.13 51.79 31.31 42.59 56.48 58.27 53.32 55.45 56.89 58.0,0.03 0.0 0.0 0.01 0.0 0.0 0.0 0.0 0.0 0.03 0.01 0.0
Oslo,-2.06 -0.51 -1.36 4.89 11.67 18.85 16.04 15.81 14.23 5.61 -0.36 -5.24,87.6 81.38 75.84 73.69 58.1 55.64 78.74 85.48 84.78 77.37 81.33 84.93,0.17 0.07 0.1 0.22 0.02 0.08 0.26 0.36 0.2 0.06 0.11 0.09
Glasgow,4.63 6.47 5.32 7.97 11.85 16.14 14.63 14.96 14.23 9.96 5.28 5.3,87.25 83.87 81.16 76.73 78.96 73.1 79.09 81.23 83.67 84.44 90.34 89.47,0.19 0.1 0.17 0.07 0.08 0.1 0.24 0.11 0.21 0.23 0.11 0.24
Split,8.49 7.22 11.09 12.79 18.77 22.78 26.32 25.2 22.77 19.18 12.83 10.03,75.47 68.09 71.37 70.62 75.15 72.4 61.99 64.2 66.48 72.84 74.48 74.9,0.27 0.09 0.13 0.19 0.33 0.07 0.01 0.12 0.08 0.22 0.4 0.11
Tampa,16.75 20.09 21.51 24.0 24.98 26.56 28.99 29.4 27.11 23.85 20.42 17.5,77.83 76.92 70.79 70.0 69.72 78.86 73.19 72.18 73.53 69.24 69.16 74.71,0.08 0.02 0.08 0.11 0.14 0.26 0.23 0.2 0.16 0.07 0.05 0.14
Austin,13.23 13.08 18.27 19.15 23.41 28.86 31.56 33.31 29.74 22.26 15.13 13.09,65.53 70.05 67.12 71.48 79.21 69.08 55.46 45.03 58.31 62.9 73.4 66.0,0.1 0.11 0.13 0.31 0.2 0.08 0.01 0.0 0.09 0.24 0.1 0.06
Cork,6.85 8.29 7.87 9.53 13.35 16.65 15.5 15.9 15.41 12.01 8.75 8.3,86.9 83.84 84.82 82.27 79.24 80.52 80.53 83.22 84.99 89.35 85.58 87.1,0.15 0.06 0.27 0.1 0.06 0.11 0.25 0.2 0.24 0.31 0.12 0.2
Hamburg,4.71 3.83 5.62 7.66 13.04 18.88 17.85 17.77 17.57 11.76 5.98 4.18,85.6 83.82 78.84 73.96 66.4 62.71 75.46 81.12 78.83 85.44 86.72 89.41,0.13 0.08 0.13 0.08 0.03 0.08 0.2 0.16 0.05 0.22 0.15 0.17
Charlotte,8.22 11.02 11.74 16.0 18.9 22.25 26.36 25.37 21.61 16.64 10.58 7.8,76.53 73.19 62.51 65.61 62.96 69.24 71.11 71.47 72.88 67.5 60.94 73.25,0.19 0.14 0.12 0.22 0.04 0.16 0.08 0.16 0.05 0.04 0.08 0.2
Brisbane,23.99 24.12 24.3 20.6 16.17 15.87 15.38 16.86 18.45 20.92 22.16 25.16,75.5 74.26 78.09 68.13 67.75 67.76 72.66 73.06 72.38 67.59 74.41 75.55,0.1 0.12 0.16 0.05 0.13 0.02 0.04 0.02 0.05 0.02 0.2 0.18
Orlando,16.78 20.46 21.46 23.06 23.73 25.96 27.66 28.33 25.82 23.02 19.74 17.0,74.74 71.04 66.4 73.12 72.89 78.54 80.86 78.02 79.85 73.99 76.93 78.16,0.06 0.05 0.08 0.21 0.2 0.35 0.27 0.16 0.4 0.09 0.21 0.17
Kansas City,1.27 2.89 5.58 12.92 19.5 24.16 25.85 25.49 22.27 15.0 7.3 4.78,73.34 63.96 69.07 57.26 63.94 64.09 69.15 72.8 63.99 63.86 68.0 75.67,0.06 0.12 0.14 0.07 0.09 0.17 0.14 0.2 0.13 0.18 0.04 0.16
Ljubljana,2.66 1.44 6.81 8.55 14.46 19.28 21.55 20.57 17.93 14.34 6.14 2.99,87.4 79.77 74.99 73.42 79.28 74.19 77.92 80.07 80.41 84.99 84.34 89.5,0.22 0.04 0.13 0.15 0.24 0.14 0.28 0.24 0.06 0.29 0.25 0.15
Dallas,10.84 10.64 15.37 17.57 22.78 27.45 30.9 34.05 28.6 20.96 14.12 10.91,64.15 67.55 68.64 67.86 74.03 72.62 56.62 39.66 55.51 60.3 68.82 64.37,0.09 0.2 0.21 0.19 0.23 0.23 0.13 0.01 0.09 0.34 0.14 0.1
Columbus,2.76 4.31 4.95 11.31 16.19 20.52 23.69 22.41 19.7 13.8 6.09 4.7,78.97 65.22 67.8 64.99 63.54 64.25 74.27 71.53 71.68 70.77 68.11 75.65,0.17 0.07 0.2 0.14 0.11 0.16 0.19 0.15 0.05 0.13 0.06 0.09
Raleigh,8.85 11.14 11.94 16.64 18.78 22.82 26.84 26.16 21.98 16.84 10.73 8.35,73.45 69.74 61.52 66.53 63.95 68.18 72.02 68.1 73.45 71.01 63.04 74.12,0.11 0.13 0.1 0.24 0.1 0.08 0.13 0.15 0.15 0.05 0.06 0.19
Seattle,5.28 4.16 5.58 7.75 14.3 15.55 19.02 19.77 15.34 11.32 6.92 6.71,82.84 77.79 77.08 80.98 73.0 69.65 63.05 65.95 77.23 84.05 85.81 86.11,0.16 0.09 0.11 0.19 0.03 0.05 0.01 0.04 0.11 0.12 0.2 0.29
Minneapolis,-7.06 -7.03 -2.82 5.87 16.46 22.64 22.15 22.52 19.81 10.39 2.52 0.32,84.45 77.13 75.85 69.32 62.21 59.02 65.12 69.73 69.28 72.45 67.66 76.08,0.08 0.09 0.08 0.2 0.13 0.18 0.16 0.08 0.2 0.16 0.03 0.08
Vilnius,0.14 -0.83 2.71 8.25 13.17 18.12 18.61 20.57 16.9 8.41 2.03 -0.05,88.63 84.83 76.14 73.56 54.36 62.03 66.45 74.32 74.99 83.08 85.47 92.64,0.13 0.07 0.08 0.08 0.03 0.1 0.11 0.17 0.04 0.15 0.08 0.11
Nashville,7.57 9.43 10.24 14.87 19.84 23.59 25.74 25.24 22.1 17.08 10.79 7.22,78.56 71.11 68.31 65.53 69.88 67.93 78.1 78.68 74.3 67.8 65.25 73.64,0.23 0.18 0.2 0.11 0.18 0.16 0.27 0.33 0.14 0.08 0.1 0.12
Stockholm,0.48 -0.39 -0.58 4.4 10.86 16.89 16.73 16.41 15.37 6.68 1.45 -2.39,89.72 82.27 80.51 71.82 60.88 61.76 74.41 85.51 84.11 81.16 91.06 91.38,0.11 0.05 0.11 0.03 0.06 0.07 0.15 0.13 0.07 0.1 0.12 0.08
Indianapolis,2.71 4.18 5.29 11.43 17.42 21.84 24.28 23.13 20.22 14.06 6.74 4.53,79.19 64.82 67.65 63.0 59.67 57.41 72.16 72.74 69.71 68.74 65.17 74.34,0.2 0.09 0.27 0.11 0.1 0.06 0.14 0.14 0.04 0.11 0.04 0.07
Tucson,9.19 10.89 14.34 21.25 25.62 29.5 34.55 31.81 29.67 24.65 17.41 12.56,59.25 46.2 44.17 17.66 21.58 14.77 24.19 36.06 28.22 28.1 40.91 46.05,0.11 0.06 0.08 0.0 0.01 0.0 0.0 0.02 0.06 0.0 0.03 0.05
Brno,2.75 2.47 5.75 8.07 13.91 19.36 22.23 20.53 19.18 13.25 5.23 1.89,84.74 75.17 69.87 71.16 68.72 62.45 57.14 72.17 68.29 74.9 82.01 87.92,0.06 0.04 0.04 0.12 0.11 0.09 0.06 0.19 0.02 0.07 0.1 0.13
Melbourne,20.23 19.4 17.63 14.61 11.46 10.75 10.53 10.9 13.62 13.86 16.63 18.28,67.38 64.64 70.95 78.32 79.14 78.03 78.47 79.52 68.85 68.7 71.4 73.04,0.05 0.05 0.06 0.12 0.13 0.1 0.04 0.08 0.03 0.14 0.08 0.2
Portland,5.17 3.63 5.47 8.75 15.77 17.44 21.89 23.12 17.54 13.14 7.96 7.2,84.32 81.87 82.74 82.39 71.2 63.51 54.0 55.57 69.69 78.75 82.16 85.56,0.17 0.19 0.2 0.29 0.05 0.05 0.0 0.03 0.11 0.16 0.23 0.4
Edmonton,-7.2 -8.55 -7.61 4.56 16.76 17.69 17.93 17.48 13.66 6.12 0.04 -1.91,84.13 77.67 79.31 64.32 54.11 67.61 76.16 74.84 67.75 66.08 72.12 73.33,0.02 0.02 0.02 0.04 0.07 0.25 0.2 0.2 0.04 0.02 0.01 0.01
Perth,24.26 24.22 22.33 17.32 15.88 12.38 13.5 13.44 16.28 18.76 22.67 23.66,50.57 54.24 62.75 71.38 67.98 78.08 75.12 79.77 74.13 59.31 57.55 50.7,0.0 0.0 0.07 0.06 0.08 0.23 0.16 0.07 0.07 0.01 0.02 0.0
Calgary,-4.67 -6.07 -6.6 4.16 14.89 16.25 17.49 17.65 13.23 4.76 0.52 -1.45,76.35 66.42 73.49 57.52 52.78 62.45 66.65 63.39 60.68 71.07 64.19 73.24,0.02 0.05 0.02 0.03 0.05 0.14 0.07 0.06 0.03 0.06 0.02 0.03
San Diego,11.93 11.29 12.1 14.22 16.15 17.69 20.48 21.49 20.55 19.3 16.17 14.13,76.52 68.3 80.8 77.7 74.25 74.83 78.13 79.88 78.69 72.19 58.35 69.01,0.25 0.11 0.17 0.01 0.01 0.01 0.0 0.05 0.02 0.01 0.08 0.07
Berlin,4.05 2.87 5.49 7.72 13.9 19.41 20.16 19.61 18.93 12.09 5.48 3.69,84.45 81.83 78.48 75.84 62.39 60.92 61.84 73.0 69.47 82.53 84.02 88.68,0.09 0.07 0.12 0.07 0.02 0.11 0.12 0.12 0.02 0.12 0.1 0.17
Abu Dhabi,20.29 21.93 24.28 25.74 30.87 33.52 35.08 35.61 34.21 31.03 27.37 23.24,65.46 59.94 60.31 56.55 51.86 58.1 64.43 59.58 62.75 66.11 56.57 66.63,0.04 0.0 0.0 0.0 0.0 0.0 0.0 0.0 0.0 0.01 0.01 0.0
San Antonio,14.55 14.24 19.59 20.37 23.94 29.93 31.57 32.45 29.9 22.39 15.53 13.83,60.28 66.46 63.03 68.77 76.48 62.47 54.49 49.61 57.68 65.95 73.89 66.66,0.05 0.06 0.09 0.21 0.24 0.06 0.02 0.01 0.05 0.26 0.07 0.04
Sacramento,8.62 7.36 9.08 14.2 17.46 20.41 25.47 25.68 21.4 18.31 12.24 9.88,76.68 76.11 76.86 63.99 64.28 57.02 46.19 49.14 58.8 60.4 67.63 81.8,0.39 0.14 0.27 0.01 0.04 0.0 0.0 0.0 0.0 0.03 0.05 0.17
Dubai,18.98 21.06 23.83 25.13 30.87 33.76 36.12 36.15 34.33 30.38 26.12 21.99,66.42 61.84 59.6 55.76 46.5 52.14 52.93 49.79 53.51 63.21 57.34 64.01,0.07 0.0 0.0 0.0 0.0 0.0 0.0 0.0 0.0 0.01 0.02 0.0
Salt Lake City,-1.42 -2.96 0.87 6.8 15.92 18.95 27.84 24.28 19.47 11.37 4.95 0.14,74.01 66.12 63.99 53.17 47.78 43.45 24.1 42.51 39.37 52.86 59.5 71.19,0.18 0.08 0.21 0.09 0.04 0.04 0.0 0.07 0.04 0.06 0.08 0.05
Atlanta,8.95 11.8 12.28 15.54 19.19 22.94 26.04 25.9 22.27 17.03 11.45 8.2,76.49 75.66 66.58 68.15 70.98 70.32 73.62 73.69 70.36 67.32 65.5 70.9,0.18 0.24 0.21 0.2 0.2 0.13 0.18 0.22 0.11 0.05 0.1 0.13
Zagreb,4.39 3.61 8.25 10.07 15.79 20.53 23.27 22.18 20.03 15.9 7.79 4.17,85.51 73.88 71.73 71.18 76.3 73.66 72.48 74.41 72.25 78.31 82.86 87.72,0.17 0.09 0.1 0.11 0.21 0.14 0.19 0.15 0.09 0.09 0.15 0.13
Pittsburgh,3.6 4.46 4.94 12.11 15.88 20.11 23.29 21.94 19.08 13.69 6.29 5.05,79.32 63.94 66.76 64.24 62.86 65.88 78.12 76.08 76.45 73.08 67.79 74.71,0.16 0.09 0.14 0.09 0.11 0.18 0.16 0.12 0.07 0.13 0.06 0.1
Adelaide,21.89 21.74 18.75 16.79 13.39 13.02 11.01 11.99 15.13 15.24 17.19 18.63,53.85 53.28 67.17 67.21 75.84 75.0 79.02 77.0 63.24 60.23 65.15 66.28,0.03 0.06 0.05 0.13 0.12 0.23 0.1 0.08 0.05 0.04 0.04 0.08
Boston,2.41 0.86 3.43 9.6 14.62 18.02 23.66 21.0 18.78 13.89 4.49 3.73,78.86 65.75 69.17 70.65 58.99 78.45 79.54 76.01 80.88 78.19 70.26 77.67,0.22 0.08 0.17 0.08 0.1 0.16 0.24 0.19 0.31 0.11 0.07 0.22
Doha,17.54 19.81 23.13 25.37 31.36 35.04 36.11 36.32 34.57 31.44 25.98 21.59,78.7 62.4 55.9 51.1 41.1 37.08 44.89 54.0 55.26 57.81 63.09 66.2,0.18 0.0 0.01 0.0 0.0 0.0 0.0 0.0 0.0 0.01 0.02 0.0
Prague,3.81 2.98 6.3 7.93 14.53 19.57 22.51 20.76 19.04 13.53 6.05 3.69,81.43 76.63 71.09 72.65 62.15 61.12 52.54 70.53 68.68 73.34 79.72 83.88,0.05 0.05 0.07 0.12 0.04 0.1 0.08 0.15 0.02 0.1 0.12 0.14
San Jose,9.83 8.44 9.76 12.73 15.23 17.61 20.59 21.43 19.19 18.51 13.75 11.55,72.65 70.0 75.28 67.68 68.7 62.25 58.54 62.2 66.13 59.42 63.03 77.88,0.35 0.16 0.3 0.01 0.03 0.0 0.0 0.0 0.0 0.01 0.07 0.18
Auckland,19.72 19.37 17.85 17.45 15.61 12.67 12.02 10.21 13.55 14.6 15.62 18.61,80.41 81.18 77.95 80.97 83.87 81.77 80.14 80.98 82.66 80.05 79.17 80.81,0.44 0.39 0.13 0.2 0.23 0.16 0.11 0.08 0.16 0.14 0.17 0.19
Denver,-6.18 -3.2 1.3 7.74 14.19 16.77 22.03 21.97 17.94 10.39 3.13 -0.24,74.94 57.98 52.19 43.93 60.17 66.29 53.83 52.07 48.03 49.46 56.02 62.35,0.04 0.02 0.02 0.05 0.17 0.2 0.04 0.06 0.05 0.03 0.01 0.03
Sydney,21.3 22.01 21.6 17.18 13.17 12.3 12.46 13.18 16.39 18.15 19.38 21.99,79.27 74.62 74.91 76.65 71.42 70.3 70.38 75.63 64.52 61.85 79.29 77.33,0.23 0.14 0.13 0.12 0.04 0.03 0.03 0.06 0.03 0.06 0.18 0.16
Houston,14.64 15.21 19.18 19.86 23.92 28.49 29.97 32.02 28.65 22.19 16.19 13.76,77.15 79.63 74.19 77.61 80.7 74.7 71.99 59.06 69.4 72.1 75.01 72.72,0.25 0.08 0.2 0.29 0.26 0.12 0.06 0.0 0.14 0.21 0.19 0.2
Albuquerque,2.21 3.41 7.69 14.17 20.33 24.98 30.65 27.44 23.26 16.98 8.37 2.68,55.85 49.65 47.41 23.57 31.56 21.12 21.62 34.01 36.08 32.86 47.92 60.21,0.04 0.04 0.06 0.01 0.04 0.0 0.0 0.04 0.02 0.0 0.07 0.06
Mississauga,-0.96 -2.05 0.35 8.54 13.53 19.02 21.95 19.89 18.04 12.55 3.98 2.69,82.63 72.7 73.11 66.07 58.07 65.57 73.19 73.18 73.97 73.36 70.59 81.23,0.11 0.13 0.15 0.16 0.07 0.18 0.22 0.12 0.03 0.1 0.06 0.11
Wellington,17.31 17.65 16.31 14.97 14.49 11.62 10.53 9.45 11.95 12.44 13.64 15.86,80.59 80.44 77.19 79.8 80.45 80.39 77.89 78.06 79.4 77.8 77.83 81.0,0.12 0.15 0.08 0.2 0.19 0.12 0.11 0.09 0.11 0.06 0.08 0.09
Singapore,25.78 26.18 26.23 27.6 28.46 28.01 27.64 27.77 28.03 28.2 26.82 26.32,85.07 83.07 84.0 83.46 81.28 81.83 80.91 79.56 77.78 78.63 86.06 88.04,0.36 0.26 0.27 0.25 0.23 0.31 0.28 0.26 0.22 0.16 0.32 0.32
Canberra,19.26 18.8 17.47 12.43 7.24 7.05 6.05 7.75 11.66 13.53 17.51 19.28,70.65 68.4 70.81 79.45 83.21 84.46 84.63 83.26 69.17 61.83 67.7 69.42,0.1 0.04 0.09 0.16 0.04 0.05 0.02 0.03 0.02 0.05 0.13 0.12
Vancouver,4.69 3.19 5.13 7.03 14.42 15.78 19.06 19.08 14.87 10.85 6.23 5.89,84.03 80.77 76.61 81.81 77.77 71.52 66.05 71.61 80.26 84.12 86.84 88.93,0.23 0.21 0.12 0.26 0.04 0.05 0.03 0.03 0.14 0.26 0.34 0.38
Halifax,1.22 -3.47 0.17 5.81 9.61 14.7 20.72 19.19 17.32 12.39 3.61 1.54,83.2 68.62 75.95 71.29 71.17 86.42 88.41 83.03 84.24 83.69 76.86 83.6,0.33 0.12 0.15 0.07 0.1 0.49 0.34 0.34 0.15 0.22 0.18 0.27
Washington,6.2 7.01 7.74 15.59 17.05 21.86 25.98 24.84 21.58 15.66 8.12 6.24,74.37 64.36 63.12 61.12 65.22 65.11 74.04 67.93 71.27 70.93 65.37 75.56,0.09 0.1 0.09 0.16 0.05 0.19 0.21 0.08 0.15 0.05 0.09 0.26
Honolulu,23.23 22.9 23.22 23.54 24.14 25.55 26.11 26.44 26.37 25.79 24.86 22.99,75.75 76.8 78.84 78.4 72.5 69.05 68.95 65.66 68.77 72.22 73.25 75.78,0.04 0.14 0.11 0.14 0.05 0.03 0.02 0.02 0.03 0.03 0.08 0.05
Cape Town,21.34 21.51 19.1 16.48 14.13 13.0 11.4 13.0 12.76 17.63 19.47 20.85,65.42 68.09 75.26 76.07 80.65 84.0 78.81 77.77 76.51 69.88 67.55 62.99,0.01 0.03 0.11 0.13 0.11 0.24 0.09 0.11 0.16 0.01 0.02 0.02
Birmingham,4.45 5.84 6.15 7.81 11.98 16.52 15.47 15.52 16.21 11.56 6.49 6.44,86.65 84.87 83.6 78.58 77.19 71.88 76.7 80.02 81.45 86.25 88.11 88.63,0.08 0.02 0.15 0.1 0.09 0.12 0.17 0.08 0.09 0.2 0.1 0.19
Jeddah,23.79 23.6 25.41 28.25 29.61 32.07 32.85 33.06 32.38 30.39 28.64 26.08,66.04 58.82 59.25 56.95 57.48 56.84 53.17 65.06 68.99 71.35 68.48 64.56,0.08 0.0 0.01 0.02 0.0 0.0 0.0 0.0 0.0 0.03 0.06 0.05
Phoenix,10.09 12.23 14.72 23.44 28.03 31.13 38.4 35.45 30.9 26.31 18.89 13.29,64.92 47.13 52.92 16.5 19.58 13.48 19.26 30.31 29.76 24.81 36.0 49.99,0.09 0.04 0.08 0.0 0.0 0.0 0.0 0.03 0.02 0.0 0.03 0.05
Victoria,25.42 27.02 26.36 24.69 22.47 22.11 21.52 22.39 23.53 24.76 26.14 26.48,83.04 75.15 76.81 80.4 79.88 76.98 76.83 81.46 78.57 79.25 71.76 76.92,0.23 0.02 0.1 0.24 0.05 0.03 0.1 0.16 0.06 0.11 0.02 0.11
Taipei,16.1 16.8 18.56 21.75 24.73 27.55 29.44 28.46 27.67 24.4 21.46 17.96,79.5 81.38 78.3 77.97 79.47 82.33 75.26 80.8 80.21 80.26 74.28 81.7,0.04 0.09 0.06 0.09 0.27 0.26 0.14 0.33 0.17 0.22 0.04 0.09
Cluj-Napoca,3.14 0.61 5.46 8.18 15.02 18.51 21.5 22.33 18.73 12.44 5.04 1.35,87.7 79.0 72.34 75.26 70.41 77.69 72.96 66.72 70.04 73.53 84.07 87.51,0.08 0.11 0.06 0.1 0.11 0.23 0.11 0.06 0.08 0.02 0.11 0.07
Miami,21.49 23.35 23.73 24.54 25.51 26.25 28.47 28.72 27.43 25.87 24.04 21.23,72.0 72.25 69.74 76.35 72.82 84.06 78.98 77.23 78.29 74.06 76.51 74.42,0.03 0.09 0.18 0.25 0.17 0.41 0.2 0.25 0.26 0.11 0.37 0.35
Timisoara,5.04 2.58 7.77 9.58 16.52 20.04 24.63 23.98 20.57 15.6 7.47 3.8,84.92 77.56 71.55 76.32 75.24 75.94 62.05 63.95 68.18 67.72 79.25 84.14,0.11 0.11 0.07 0.1 0.14 0.17 0.08 0.12 0.05 0.02 0.12 0.09
Montreal,-5.91 -8.16 -2.18 5.61 11.9 17.59 21.21 18.35 16.68 11.28 0.44 -2.83,81.88 75.35 74.62 67.85 58.37 71.79 78.56 77.47 77.88 78.27 71.28 81.52,0.16 0.12 0.08 0.17 0.1 0.16 0.2 0.22 0.11 0.22 0.07 0.18
San Francisco,10.18 8.77 9.6 10.95 12.82 14.12 15.36 17.09 16.67 16.82 13.31 11.51,77.53 77.77 78.29 79.97 82.21 80.19 77.71 79.8 79.69 72.26 74.07 84.74,0.36 0.13 0.31 0.01 0.04 0.0 0.0 0.0 0.0 0.02 0.11 0.23
Tel Aviv-Yafo,14.23 12.89 16.39 18.04 21.62 24.7 27.1 27.89 26.78 24.78 20.78 16.85,74.54 72.1 71.88 74.04 71.15 73.2 74.76 72.0 70.67 67.36 71.99 74.76,0.05 0.15 0.11 0.11 0.01 0.01 0.0 0.01 0.01 0.02 0.11 0.16
Ottawa,-4.99 -6.56 -1.25 6.77 12.95 18.96 21.83 19.14 17.64 11.97 1.29 -1.31,81.21 72.93 74.47 68.1 59.06 69.41 76.81 76.91 76.16 79.82 72.94 82.08,0.16 0.13 0.11 0.13 0.13 0.14 0.29 0.16 0.02 0.13 0.06 0.13
Lisbon,11.5 11.04 13.96 17.62 18.96 21.74 22.06 23.71 20.91 19.93 15.56 11.98,78.61 74.06 81.38 65.25 64.41 70.68 66.73 62.79 73.47 74.33 82.24 84.25,0.05 0.05 0.05 0.02 0.01 0.04 0.0 0.0 0.09 0.17 0.1 0.05
Las Vegas,7.3 9.22 11.91 20.23 25.71 28.22 36.5 31.54 27.06 21.76 13.98 11.06,58.68 33.57 39.04 16.85 19.55 18.4 12.44 30.16 31.98 23.78 30.3 33.98,0.05 0.02 0.02 0.0 0.0 0.03 0.0 0.1 0.06 0.0 0.01 0.01
Philadelphia,5.53 5.04 6.23 14.18 16.63 21.48 25.7 24.29 20.82 15.19 7.29 5.68,73.38 63.28 62.53 62.26 58.12 61.67 72.17 65.52 72.41 70.79 65.79 75.17,0.13 0.08 0.13 0.2 0.07 0.12 0.19 0.09 0.25 0.06 0.09 0.23
Riyadh,12.88 17.73 22.34 23.98 32.31 35.58 37.66 37.48 34.75 29.27 22.67 17.76,79.0 36.36 34.64 39.14 17.99 12.69 9.57 12.87 13.15 23.47 47.36 40.76,0.13 0.0 0.01 0.03 0.0 0.0 0.0 0.0 0.0 0.0 0.01 0.01
Toronto,-1.09 -2.24 0.01 7.62 12.49 18.42 21.39 19.45 17.78 12.26 3.79 2.47,81.72 72.86 73.96 70.18 63.37 68.13 75.52 74.89 74.23 73.84 70.44 80.83,0.12 0.11 0.13 0.15 0.06 0.16 0.17 0.14 0.02 0.09 0.07 0.12
Quebec,-6.73 -9.8 -1.78 4.14 11.9 16.54 21.05 17.7 16.44 11.06 -0.95 -3.96,81.11 73.32 75.07 71.22 61.92 77.08 82.28 80.65 81.89 81.1 73.54 77.7,0.14 0.13 0.09 0.14 0.1 0.14 0.4 0.28 0.16 0.14 0.11 0.12
Riga,-0.47 -0.41 1.78 7.79 12.29 17.57 17.26 18.88 16.29 7.7 1.86 -1.23,87.74 83.34 79.15 67.53 57.11 64.28 73.99 81.78 81.02 81.16 87.04 90.81,0.11 0.09 0.1 0.03 0.02 0.07 0.1 0.21 0.05 0.19 0.1 0.09
Bratislava,3.36 3.24 7.43 8.93 15.12 20.1 23.12 21.44 19.36 14.52 6.36 2.62,85.54 73.34 64.11 69.52 69.16 65.21 61.24 71.83 72.26 74.29 80.82 86.61,0.08 0.05 0.02 0.11 0.12 0.1 0.05 0.09 0.06 0.08 0.13 0.11
Nizhny Novgorod,-9.85 -7.0 -0.43 7.65 13.6 15.38 18.94 19.0 14.07 4.62 -0.43 -8.12,81.48 85.08 81.72 62.33 66.9 62.9 74.3 73.2 75.76 83.68 84.59 85.67,0.03 0.05 0.08 0.04 0.08 0.04 0.19 0.03 0.03 0.19 0.07 0.09
Chicago,-0.17 0.4 2.52 9.72 13.97 19.46 22.24 22.01 19.5 12.86 5.35 3.43,82.36 71.25 74.14 67.31 69.23 68.91 78.3 77.87 77.51 75.3 71.57 79.59,0.09 0.13 0.1 0.11 0.06 0.09 0.41 0.15 0.24 0.17 0.05 0.1
Bursa,8.08 6.04 9.84 12.64 15.59 20.25 25.17 26.31 21.99 17.9 14.47 10.84,74.13 71.45 79.05 74.86 84.0 80.91 62.44 63.45 68.35 72.81 72.65 76.28,0.07 0.15 0.25 0.26 0.18 0.09 0.03 0.01 0.04 0.1 0.35 0.09
Manchester,4.89 6.27 6.57 8.31 12.49 16.95 15.4 15.59 16.09 11.45 6.75 6.55,86.07 82.62 80.77 76.05 76.54 69.74 78.38 80.73 81.65 85.48 86.9 86.82,0.15 0.04 0.2 0.11 0.08 0.07 0.27 0.18 0.17 0.22 0.15 0.23
Brussels,5.24 5.41 7.3 8.68 13.39 20.11 18.61 18.22 18.92 13.8 7.81 6.75,86.8 83.92 80.05 76.74 76.41 62.04 71.25 77.69 76.25 80.92 87.38 86.6,0.11 0.02 0.17 0.11 0.09 0.06 0.15 0.09 0.12 0.16 0.17 0.11
Pune,22.04 25.03 25.46 28.02 28.83 27.42 24.49 24.68 24.69 25.5 24.36 22.6,53.84 32.11 46.54 48.25 58.5 70.57 85.73 81.52 83.98 63.8 63.2 62.33,0.0 0.0 0.02 0.02 0.01 0.12 0.4 0.05 0.36 0.02 0.06 0.0
Pretoria,22.82 20.96 21.3 18.68 15.12 13.22 11.93 15.28 20.02 20.82 22.17 22.59,54.09 72.05 58.84 53.69 66.91 49.06 51.98 39.92 34.99 47.24 55.07 60.42,0.08 0.17 0.03 0.01 0.07 0.01 0.01 0.0 0.03 0.1 0.05 0.14
Los Angeles,10.72 10.82 11.46 14.76 16.23 18.13 22.65 22.72 21.07 20.13 16.38 14.5,74.05 59.14 76.98 70.47 73.54 70.62 65.05 72.64 73.16 59.18 47.53 59.85,0.36 0.18 0.28 0.01 0.03 0.01 0.0 0.12 0.07 0.0 0.04 0.24
Barcelona,8.23 8.66 13.38 15.3 17.67 23.26 25.56 25.84 22.42 19.9 14.53 10.12,67.77 70.95 70.12 67.97 72.38 71.67 72.51 67.96 73.81 74.36 67.13 67.31,0.01 0.09 0.0 0.04 0.12 0.09 0.02 0.07 0.08 0.1 0.02 0.01
Limassol,14.22 11.89 15.66 17.83 21.48 24.68 29.68 29.0 26.87 23.86 19.21 15.64,62.57 59.74 63.11 60.39 59.94 63.99 46.42 62.66 54.33 53.31 63.48 68.92,0.06 0.06 0.04 0.04 0.02 0.0 0.0 0.0 0.0 0.01 0.05 0.05
Dublin,6.31 7.94 7.46 9.48 13.1 16.9 15.38 15.91 15.54 12.11 7.97 7.82,85.47 81.65 82.08 78.55 77.51 74.74 78.99 80.22 82.75 83.97 85.99 85.88,0.1 0.03 0.16 0.13 0.05 0.08 0.17 0.14 0.17 0.2 0.1 0.12
Gdansk,3.41 2.06 4.03 6.94 12.42 17.53 18.31 19.17 18.11 10.97 4.3 2.28,83.12 80.88 74.42 75.97 63.3 68.01 71.55 77.05 76.06 77.74 83.19 86.71,0.07 0.07 0.07 0.05 0.01 0.05 0.13 0.13 0.03 0.11 0.15 0.07
Seoul,-3.15 0.45 7.56 12.25 17.71 21.79 25.47 25.88 22.21 14.0 5.0 -0.04,60.65 64.13 60.65 64.15 70.79 80.43 86.37 83.91 81.66 76.55 71.91 69.0,0.05 0.0 0.02 0.14 0.22 0.31 0.56 0.42 0.2 0.04 0.14 0.11
Varna,7.19 4.74 7.98 10.86 15.51 21.05 24.36 24.76 21.58 17.52 10.91 7.22,81.53 70.03 78.4 76.98 75.19 70.98 69.7 68.52 68.91 66.92 75.47 78.31,0.05 0.05 0.06 0.11 0.12 0.06 0.04 0.02 0.02 0.01 0.19 0.09
Izmir,9.37 7.38 11.75 14.14 18.7 23.62 30.12 29.15 25.58 20.52 15.36 12.08,73.09 64.13 72.73 69.13 70.8 66.66 39.15 51.06 51.1 62.3 78.81 80.66,0.16 0.01 0.15 0.13 0.17 0.12 0.0 0.0 0.03 0.01 0.37 0.1
Durban,24.5 24.57 24.13 22.27 19.62 18.12 17.24 18.1 20.04 19.93 22.81 23.04,80.16 82.9 79.56 71.17 75.98 68.52 63.21 71.97 70.7 77.1 76.24 79.67,0.23 0.28 0.09 0.02 0.11 0.01 0.03 0.03 0.07 0.2 0.06 0.21
Montevideo,23.91 23.55 24.06 17.71 15.81 12.38 12.13 12.08 12.82 15.17 18.05 20.54,64.64 62.69 70.98 74.17 77.61 80.49 79.49 75.9 79.8 76.19 74.48 77.53,0.03 0.08 0.15 0.05 0.14 0.02 0.09 0.13 0.08 0.08 0.13 0.16
Hyderabad,21.89 24.73 25.95 28.53 29.13 29.78 25.85 26.39 25.68 25.82 24.29 21.94,59.89 39.99 49.54 51.84 56.65 56.67 78.9 73.97 81.7 62.14 73.31 68.03,0.0 0.0 0.08 0.13 0.11 0.08 0.41 0.05 0.34 0.05 0.07 0.01
Warsaw,3.03 1.04 4.1 8.41 13.51 18.49 20.64 20.81 18.29 11.17 3.7 1.47,87.19 81.38 76.65 74.82 61.67 64.53 62.18 71.99 73.37 81.24 84.72 88.04,0.09 0.07 0.07 0.09 0.1 0.07 0.08 0.12 0.02 0.1 0.09 0.1
Winnipeg,-11.52 -13.37 -10.02 1.11 15.82 21.28 18.9 19.34 16.73 6.75 -1.68 -3.89,86.33 80.57 79.81 70.63 54.46 67.46 70.69 74.4 71.35 79.95 73.93 79.84,0.01 0.02 0.01 0.06 0.05 0.13 0.1 0.07 0.08 0.1 0.05 0.02
Wroclaw,3.76 2.55 5.68 7.81 13.52 18.97 20.81 20.04 18.43 12.42 5.48 2.79,83.2 78.58 73.55 76.13 65.58 64.49 64.06 76.21 74.65 80.42 82.1 85.64,0.06 0.08 0.07 0.09 0.06 0.08 0.08 0.17 0.03 0.14 0.16 0.1
Islamabad,8.97 14.26 17.97 21.55 25.21 29.85 27.86 28.42 27.53 22.46 17.37 13.35,69.24 59.36 62.1 54.64 49.28 53.18 75.13 73.48 63.89 56.24 63.58 60.01,0.14 0.07 0.11 0.16 0.1 0.1 0.24 0.24 0.1 0.09 0.07 0.0
Poznan,3.41 2.04 4.74 7.88 13.33 19.08 20.63 19.73 18.59 11.39 4.63 2.6,85.82 81.61 77.88 75.87 63.96 60.59 59.03 74.43 71.91 82.69 85.35 87.42,0.08 0.07 0.09 0.1 0.05 0.07 0.06 0.18 0.01 0.13 0.11 0.1
Curitiba,20.01 20.23 20.25 17.01 15.75 14.1 13.82 14.94 18.18 17.42 19.65 21.5,84.93 84.17 85.24 85.52 83.83 82.1 84.56 81.89 81.09 89.53 83.05 79.21,0.24 0.28 0.17 0.12 0.04 0.15 0.1 0.14 0.17 0.43 0.16 0.09
Johannesburg,19.6 17.82 17.91 15.66 12.28 10.29 8.98 12.17 16.71 17.84 19.18 19.4,57.87 76.82 64.45 55.05 68.02 49.64 53.28 40.77 35.08 48.75 57.63 64.54,0.08 0.26 0.04 0.02 0.07 0.01 0.0 0.0 0.02 0.07 0.07 0.15
Brasilia,20.71 22.25 21.22 20.67 20.13 19.44 20.02 21.92 23.95 24.56 24.23 23.21,82.11 72.5 76.28 79.96 62.37 59.98 50.04 47.88 52.31 62.14 63.75 69.69,0.29 0.08 0.18 0.12 0.0 0.02 0.0 0.08 0.04 0.13 0.16 0.22
New York,4.49 3.18 5.06 12.41 15.41 19.77 24.54 22.8 19.82 14.34 6.15 4.73,74.99 65.68 65.66 66.97 61.55 69.68 76.55 71.86 76.09 76.0 69.07 77.54,0.17 0.07 0.16 0.19 0.06 0.13 0.25 0.18 0.33 0.16 0.08 0.29
Turin,2.97 4.45 9.41 12.65 16.04 20.98 24.86 24.57 19.84 15.49 6.27 3.63,80.97 75.2 69.38 58.51 78.16 75.45 64.53 59.25 75.66 79.62 76.82 81.88,0.03 0.04 0.03 0.07 0.38 0.21 0.06 0.19 0.1 0.11 0.03 0.05
Bangalore,20.08 22.57 24.33 26.4 25.14 24.51 22.56 24.2 23.08 23.8 22.4 21.7,64.42 47.22 49.72 50.58 71.88 75.09 82.48 71.74 80.72 67.81 77.67 73.43,0.0 0.0 0.04 0.04 0.19 0.12 0.22 0.06 0.16 0.07 0.15 0.02
Hong Kong,15.68 17.39 19.76 22.46 25.03 27.46 28.4 27.87 26.91 24.88 22.23 17.94,73.61 80.78 84.3 87.75 88.76 86.17 83.58 85.15 87.47 80.06 70.09 67.06,0.03 0.02 0.12 0.12 0.25 0.56 0.41 0.23 0.6 0.34 0.01 0.01
Sofia,3.52 2.68 6.63 8.67 13.68 18.62 23.96 23.54 19.62 15.52 6.99 3.49,80.12 65.49 65.58 68.76 73.19 72.42 58.29 55.67 61.78 61.62 77.53 76.11,0.1 0.02 0.07 0.11 0.17 0.19 0.03 0.08 0.05 0.02 0.2 0.08
Ankara,2.36 1.48 7.64 10.4 15.26 19.44 24.63 27.91 20.57 15.8 10.52 5.81,69.55 64.97 69.02 65.22 64.9 63.29 42.63 35.25 45.74 52.82 70.47 80.65,0.01 0.02 0.12 0.11 0.15 0.1 0.0 0.01 0.05 0.01 0.11 0.07
Krakow,2.98 1.49 5.57 7.86 12.99 17.96 20.96 20.72 18.01 12.35 5.06 1.81,84.46 78.21 69.65 74.1 71.96 70.55 66.11 75.1 76.7 78.0 80.12 83.86,0.1 0.1 0.06 0.1 0.13 0.06 0.16 0.1 0.12 0.12 0.11 0.1
Chennai,24.84 25.24 27.3 29.25 30.16 31.4 29.5 29.75 28.92 28.13 26.23 25.73,72.29 75.77 77.19 76.55 76.15 64.08 69.71 72.53 76.36 79.22 85.08 79.59,0.02 0.0 0.05 0.04 0.14 0.08 0.22 0.21 0.25 0.13 0.54 0.54
Novi Sad,5.45 4.29 9.0 10.47 16.92 20.91 25.07 23.98 22.05 17.13 8.78 5.98,84.43 73.77 68.94 72.03 75.74 75.36 64.67 68.21 65.42 68.17 78.25 80.89,0.12 0.1 0.06 0.1 0.16 0.12 0.1 0.07 0.08 0.02 0.12 0.06
Rome,8.18 7.68 11.72 12.85 17.53 22.41 27.72 25.73 23.1 20.45 13.77 10.22,81.54 77.01 77.76 72.51 79.23 73.32 60.49 62.89 65.65 74.32 78.61 80.47,0.16 0.07 0.11 0.11 0.18 0.14 0.01 0.09 0.02 0.11 0.22 0.04
Budapest,3.91 3.4 7.48 9.85 16.38 20.49 23.71 23.06 20.26 14.47 6.37 2.06,87.9 71.77 66.35 68.02 71.69 66.77 62.26 66.42 68.67 74.26 81.87 89.19,0.13 0.04 0.06 0.08 0.17 0.11 0.08 0.15 0.07 0.11 0.14 0.16
London,5.06 6.0 7.45 8.8 12.67 18.1 17.43 17.36 18.24 13.22 7.69 7.68,86.2 84.38 82.06 77.16 76.32 68.95 72.12 76.0 76.91 83.52 86.06 86.54,0.08 0.02 0.13 0.1 0.05 0.05 0.12 0.08 0.08 0.12 0.12 0.11
Sarajevo,3.71 2.36 6.94 8.41 14.91 18.5 22.96 21.37 19.22 15.69 7.97 5.59,85.66 75.57 71.53 74.23 77.96 79.11 68.85 71.2 70.31 73.3 81.37 79.59,0.27 0.14 0.09 0.19 0.26 0.29 0.07 0.11 0.09 0.05 0.36 0.09
Kuwait City,13.17 14.84 20.38 25.24 31.04 37.01 39.41 38.24 36.23 30.27 21.79 18.11,82.19 60.12 60.62 40.53 34.19 22.1 17.93 31.56 27.76 38.11 61.34 58.85,0.11 0.03 0.08 0.05 0.0 0.0 0.0 0.0 0.0 0.0 0.05 0.01
Lviv,2.48 0.12 4.66 7.7 13.73 17.43 20.09 21.34 17.87 12.12 4.13 0.99,86.63 81.25 72.09 75.56 66.92 74.5 73.47 72.34 75.86 75.65 83.42 85.45,0.08 0.1 0.12 0.12 0.08 0.21 0.14 0.12 0.08 0.08 0.13 0.09
Minsk,-1.6 -2.87 0.9 8.06 12.93 18.26 18.33 20.52 15.93 7.7 1.28 -1.32,90.35 88.79 82.57 72.36 54.78 57.13 68.33 73.17 72.5 83.32 85.91 92.44,0.11 0.07 0.13 0.07 0.03 0.07 0.12 0.12 0.04 0.13 0.09 0.1
Paris,5.98 5.76 8.79 9.81 14.62 21.06 20.52 19.61 19.84 14.62 9.04 7.53,84.33 80.93 76.31 76.14 73.72 62.92 62.65 75.22 74.76 78.21 84.52 85.73,0.09 0.01 0.11 0.11 0.11 0.08 0.14 0.17 0.1 0.15 0.15 0.11
Kuala Lumpur,25.75 26.16 26.79 27.4 27.89 27.95 27.17 26.76 26.96 26.45 26.35 26.27,83.13 81.02 77.26 79.86 80.33 77.46 80.64 82.37 81.93 85.94 86.47 87.18,0.26 0.29 0.2 0.33 0.22 0.24 0.26 0.43 0.37 0.65 0.51 0.58
Bucharest,4.48 2.99 8.05 10.57 16.54 21.63 25.79 25.85 21.41 15.8 8.16 3.92,85.9 72.4 69.97 75.58 66.23 63.95 59.41 55.08 58.28 65.69 79.85 84.74,0.12 0.01 0.05 0.11 0.05 0.07 0.08 0.06 0.03 0.02 0.17 0.04
Moscow,-6.0 -5.62 -0.79 8.32 12.13 16.46 18.19 19.36 14.74 5.11 -0.21 -5.85,85.79 85.35 83.14 61.82 62.12 59.82 72.89 73.34 71.85 81.84 83.49 88.53,0.06 0.04 0.08 0.05 0.06 0.04 0.16 0.03 0.01 0.14 0.11 0.1
Gurgaon,11.61 17.92 21.32 26.26 29.23 30.73 29.25 30.55 28.95 25.09 19.88 14.6,79.73 64.21 64.8 41.33 45.84 60.75 80.96 66.54 71.42 57.55 71.54 78.4,0.03 0.0 0.1 0.0 0.06 0.14 0.35 0.1 0.16 0.02 0.01 0.01
Monterrey,17.42 17.73 20.65 21.58 24.13 29.67 30.32 30.58 28.94 22.12 16.6 15.5,56.14 50.84 62.42 70.33 74.81 58.84 52.13 49.24 57.47 74.69 76.11 74.24,0.01 0.01 0.13 0.06 0.11 0.02 0.02 0.01 0.04 0.24 0.16 0.03
Guadalajara,16.98 19.22 21.55 23.16 24.19 26.09 22.49 21.77 22.52 20.0 19.6 15.94,48.02 41.44 33.71 27.78 32.55 42.65 66.08 69.35 65.38 70.7 57.31 61.99,0.0 0.0 0.0 0.0 0.01 0.04 0.09 0.16 0.05 0.11 0.03 0.06
Ahmedabad,20.13 24.2 27.83 31.24 33.2 31.67 28.19 28.62 28.79 27.51 25.08 22.09,45.84 38.45 36.4 32.57 44.11 63.9 84.94 74.52 75.73 57.65 49.26 60.69,0.0 0.0 0.02 0.02 0.01 0.26 0.66 0.04 0.31 0.0 0.09 0.0
Amman,10.04 8.44 13.16 16.27 20.87 23.67 27.19 27.07 25.42 21.54 17.62 13.12,69.9 69.06 61.48 52.04 42.98 45.74 37.64 47.45 44.61 54.12 58.79 69.18,0.08 0.14 0.09 0.09 0.02 0.01 0.0 0.0 0.0 0.01 0.08 0.04
Athens,10.69 8.84 12.9 14.86 18.88 23.78 30.63 28.57 24.15 21.07 17.05 12.72,77.72 71.1 67.72 67.42 64.91 60.62 41.21 46.78 57.61 66.3 69.59 77.51,0.13 0.05 0.07 0.06 0.13 0.1 0.0 0.01 0.07 0.01 0.07 0.08
Yerevan,-1.45 0.35 9.98 12.44 17.0 22.86 26.37 28.27 21.58 13.95 9.0 2.51,58.9 54.71 58.03 58.92 53.51 45.99 39.59 37.05 47.05 63.21 63.19 70.2,0.0 0.05 0.06 0.1 0.07 0.05 0.0 0.01 0.02 0.05 0.08 0.04
Porto Alegre,25.86 24.86 25.02 20.48 18.21 16.15 15.1 15.99 18.3 18.61 21.0 24.22,69.76 69.69 77.16 72.41 82.17 79.62 83.23 78.01 83.43 80.79 80.39 77.15,0.08 0.1 0.13 0.05 0.15 0.27 0.26 0.21 0.57 0.2 0.33 0.12
Panama City,26.03 27.03 26.99 27.87 27.73 27.09 26.84 26.85 26.67 26.63 26.14 27.23,79.86 70.9 73.68 71.05 82.32 87.23 88.09 88.09 88.86 88.84 90.47 82.53,0.1 0.01 0.06 0.12 0.28 0.34 0.41 0.37 0.44 0.41 0.44 0.1
Medellin,18.49 19.44 18.89 19.59 20.26 20.27 20.53 21.0 21.19 19.87 20.03 20.43,85.41 83.5 88.18 86.67 85.94 82.65 79.8 77.72 78.28 87.63 87.47 85.39,0.14 0.08 0.31 0.21 0.27 0.08 0.08 0.12 0.09 0.3 0.28 0.11
Tbilisi,1.57 2.55 10.27 12.81 17.29 21.42 23.83 26.5 19.06 14.86 10.42 6.0,70.79 65.44 69.1 68.82 66.1 71.31 59.22 55.4 72.94 67.31 67.4 72.93,0.02 0.03 0.1 0.12 0.08 0.23 0.04 0.04 0.14 0.05 0.03 0.04
Thessaloniki,8.57 6.66 10.66 13.03 17.58 22.81 28.66 27.39 22.82 19.35 12.85 8.43,76.26 63.96 72.1 69.68 76.83 70.8 53.91 55.93 68.91 70.12 74.53 77.49,0.11 0.02 0.05 0.1 0.18 0.11 0.02 0.04 0.08 0.02 0.07 0.09
Milan,4.37 5.79 10.33 12.67 16.96 22.65 24.11 24.67 20.56 16.47 7.94 4.81,82.54 74.96 68.3 63.8 75.65 66.06 71.47 62.79 75.61 80.32 77.91 85.88,0.09 0.02 0.04 0.14 0.28 0.11 0.21 0.21 0.19 0.27 0.14 0.08
Baku,4.92 5.16 10.54 13.95 18.87 24.4 26.8 28.19 22.31 18.23 15.19 9.16,81.53 77.15 80.46 75.79 69.56 66.05 61.78 59.99 68.09 73.86 75.47 77.54,0.03 0.01 0.04 0.04 0.03 0.01 0.02 0.01 0.07 0.02 0.02 0.05
Istanbul,8.81 6.61 9.24 12.06 15.42 21.08 25.77 26.21 22.93 18.52 14.78 10.48,78.06 74.67 82.46 80.42 80.78 76.25 61.18 67.25 65.81 74.88 76.58 82.11,0.03 0.07 0.17 0.15 0.1 0.04 0.03 0.0 0.1 0.05 0.4 0.13
Quito,10.98 11.51 11.24 11.51 12.31 12.17 12.81 13.26 13.66 13.01 12.43 12.51,83.81 81.66 84.8 83.74 79.06 70.43 65.15 61.61 60.39 74.18 81.98 83.24,0.55 0.25 0.87 0.59 0.15 0.01 0.02 0.08 0.03 0.35 0.39 0.47
Belo Horizonte,21.4 23.1 23.47 21.32 19.23 17.79 18.78 20.55 22.77 23.7 24.73 23.76,84.06 74.34 65.3 73.37 67.45 67.36 62.9 61.12 60.98 71.59 63.23 73.19,0.53 0.1 0.04 0.1 0.0 0.02 0.01 0.04 0.05 0.19 0.15 0.19
Belgrade,4.97 3.53 8.63 10.11 16.59 20.43 24.33 23.21 21.07 16.89 8.92 5.5,84.36 74.95 69.32 74.3 75.24 77.37 70.04 72.75 70.04 67.55 77.09 80.68,0.12 0.1 0.07 0.12 0.11 0.16 0.12 0.13 0.06 0.02 0.15 0.05
Saint Petersburg,-3.27 -4.15 -1.63 5.17 11.4 16.82 17.44 18.99 15.4 4.37 -0.63 -5.43,89.45 87.53 84.2 68.19 61.05 61.55 72.41 74.41 79.43 82.87 90.0 89.62,0.07 0.05 0.1 0.05 0.04 0.06 0.11 0.05 0.09 0.18 0.1 0.08
Odessa,2.99 2.1 6.68 10.27 16.39 21.57 24.35 25.47 21.17 15.84 8.03 4.01,84.6 72.04 73.38 79.54 64.63 61.91 63.22 61.08 57.0 64.2 79.23 82.79,0.03 0.02 0.04 0.16 0.09 0.07 0.1 0.03 0.0 0.01 0.18 0.03
Beijing,-2.98 0.39 9.12 14.26 21.29 28.29 28.16 25.84 21.34 14.6 3.31 -4.1,34.17 51.95 38.59 40.07 48.77 37.5 63.0 77.54 73.18 61.69 46.85 50.97,0.0 0.01 0.0 0.04 0.04 0.02 0.47 0.13 0.1 0.01 0.01 0.02
Kharkiv,-2.53 -2.14 4.64 10.0 14.82 19.03 21.56 22.69 17.2 10.26 4.08 -0.14,73.88 78.51 75.19 71.82 63.26 62.36 68.52 65.91 62.13 75.24 84.87 87.01,0.03 0.08 0.05 0.12 0.07 0.08 0.11 0.05 0.04 0.11 0.17 0.08
Lahore,10.48 17.33 20.37 24.8 28.05 30.87 29.56 30.56 29.13 23.29 18.38 13.22,79.59 57.23 65.23 48.31 46.15 59.64 78.7 73.38 71.23 70.19 78.36 83.41,0.02 0.0 0.1 0.06 0.07 0.11 0.29 0.12 0.2 0.05 0.04 0.0
Delhi,11.77 18.04 21.72 27.14 29.15 31.1 28.94 30.27 28.91 25.0 19.78 14.91,80.91 62.64 61.66 37.98 46.75 59.44 82.34 69.39 72.57 58.97 71.7 75.28,0.06 0.0 0.08 0.01 0.05 0.2 0.42 0.1 0.14 0.01 0.02 0.0
Skopje,4.96 4.72 9.11 10.85 16.46 21.59 26.94 26.02 22.53 17.3 8.94 4.65,81.32 62.69 66.96 67.23 72.45 68.42 51.1 51.34 56.53 63.1 76.94 79.27,0.1 0.03 0.08 0.1 0.09 0.08 0.0 0.02 0.03 0.02 0.14 0.08
Kiev,3.84 2.76 4.94 7.23 13.16 18.62 18.42 18.39 17.98 11.42 5.14 3.35,86.34 83.35 79.98 76.73 66.08 65.4 70.02 77.38 74.7 83.8 86.25 89.55,0.11 0.06 0.1 0.07 0.03 0.09 0.1 0.14 0.03 0.13 0.08 0.14
Kolkata,19.87 23.52 26.34 30.01 30.09 30.49 28.78 28.7 27.89 27.02 24.33 20.03,73.01 65.21 67.3 63.96 73.81 80.02 85.13 84.9 88.39 79.35 73.95 75.5,0.0 0.0 0.11 0.06 0.17 0.37 0.45 0.57 0.49 0.2 0.04 0.04
Santiago,21.66 23.5 21.64 17.8 14.41 12.84 12.29 12.88 12.41 14.31 16.34 19.93,48.58 43.09 50.17 54.76 66.03 66.0 63.62 70.43 76.43 67.92 63.11 52.01,0.0 0.0 0.0 0.05 0.03 0.17 0.05 0.21 0.1 0.04 0.04 0.0
Buenos Aires,25.43 24.4 25.22 17.83 15.42 11.93 11.77 12.51 13.74 16.99 20.06 22.22,62.92 61.92 69.48 75.86 79.04 80.9 81.2 70.11 74.84 66.01 66.08 71.47,0.06 0.03 0.19 0.12 0.14 0.03 0.07 0.07 0.07 0.09 0.17 0.21
Hanoi,16.49 20.0 22.43 25.33 28.3 29.09 30.18 28.26 27.37 26.09 22.63 18.72,67.6 78.34 76.57 82.09 78.63 82.8 77.17 85.71 85.42 74.17 78.32 71.73,0.01 0.09 0.08 0.09 0.21 0.46 0.24 0.54 0.46 0.09 0.06 0.02
Nairobi,18.92 20.95 20.26 18.59 18.59 18.41 17.13 18.19 19.38 20.08 18.59 19.37,58.6 47.54 62.25 79.19 75.75 70.13 68.03 63.3 65.69 65.37 80.66 72.87,0.01 0.0 0.1 0.22 0.12 0.03 0.01 0.02 0.04 0.08 0.25 0.05
Dnipro,-0.58 -0.66 5.79 10.4 15.97 20.18 22.77 23.87 18.54 12.42 5.91 2.01,78.73 79.42 77.61 79.22 68.41 67.92 68.83 67.3 66.12 75.16 84.12 86.93,0.03 0.07 0.05 0.13 0.07 0.1 0.13 0.13 0.07 0.08 0.17 0.09
Shanghai,5.04 6.68 11.45 16.19 21.09 24.91 28.47 27.7 25.08 19.28 13.15 6.25,74.49 77.78 73.07 72.21 73.31 80.05 83.79 81.02 83.99 76.78 72.78 73.53,0.1 0.11 0.11 0.08 0.14 0.42 0.35 0.17 0.21 0.02 0.05 0.05
Tirana,8.55 7.23 11.24 12.49 18.52 22.62 27.2 25.51 23.05 19.43 13.07 9.71,74.53 63.26 68.8 68.95 69.35 71.86 59.51 61.78 62.87 67.26 73.91 75.83,0.35 0.02 0.2 0.17 0.17 0.13 0.04 0.11 0.01 0.23 0.54 0.09
Yekaterinburg,-12.64 -11.19 -1.38 5.02 15.86 16.01 21.22 16.88 12.29 3.83 -2.89 -14.85,74.37 81.92 74.83 53.17 38.68 56.81 61.68 70.47 73.98 76.07 86.73 81.58,0.02 0.03 0.03 0.02 0.0 0.05 0.07 0.1 0.03 0.06 0.08 0.08
Almaty,-8.11 -1.12 7.39 10.74 15.6 23.2 26.68 24.04 17.16 13.14 6.61 -1.77,65.91 70.41 61.28 57.93 49.39 41.71 37.85 40.48 53.73 57.5 66.87 74.07,0.04 0.06 0.1 0.13 0.05 0.03 0.01 0.05 0.09 0.09 0.05 0.06
Bogota,11.21 11.68 12.41 12.61 12.97 12.23 11.84 12.35 12.48 13.05 12.89 13.0,87.55 86.06 90.62 88.88 88.4 89.61 90.56 85.68 84.32 85.11 86.79 88.13,0.16 0.09 0.27 0.21 0.13 0.17 0.16 0.15 0.09 0.09 0.13 0.19
Novosibirsk,-12.98 -14.31 -3.79 -0.06 11.17 18.76 21.64 17.96 11.82 5.38 -2.87 -14.28,81.02 80.25 79.57 58.54 43.77 54.04 64.44 71.99 74.07 72.54 81.83 80.73,0.09 0.03 0.06 0.01 0.02 0.09 0.07 0.09 0.04 0.06 0.05 0.08
Mexico City,14.33 16.05 18.11 19.19 18.64 21.72 17.81 17.21 17.73 17.21 16.16 12.83,54.44 48.23 44.81 45.27 55.15 46.33 72.64 74.86 68.81 67.67 61.57 68.57,0.0 0.0 0.03 0.03 0.1 0.05 0.34 0.27 0.17 0.08 0.03 0.03
Bangkok,25.94 27.27 28.92 30.85 30.8 28.86 28.52 28.47 27.84 27.62 26.77 27.25,58.67 68.15 68.56 71.01 69.92 78.58 78.29 78.74 83.34 84.06 77.17 66.91,0.01 0.09 0.02 0.13 0.14 0.31 0.33 0.35 0.49 0.33 0.09 0.04
Karachi,17.76 21.82 25.07 26.64 29.31 30.46 30.19 27.51 28.31 28.47 25.61 21.51,41.36 74.39 68.66 74.46 77.69 75.29 75.33 81.79 77.45 72.88 48.94 47.69,0.0 0.0 0.01 0.01 0.0 0.03 0.09 0.04 0.02 0.01 0.01 0.0
Jakarta,26.15 25.58 25.99 27.08 27.32 27.05 27.06 27.69 28.02 28.74 27.48 27.52,82.58 85.49 85.53 80.67 81.78 81.13 76.22 70.93 67.35 70.11 81.65 80.18,0.29 0.5 0.38 0.2 0.18 0.22 0.1 0.04 0.03 0.09 0.37 0.25
Lima,20.77 22.79 23.23 23.55 20.28 18.82 18.48 18.28 17.95 18.2 18.76 20.21,80.98 82.69 80.29 77.35 79.25 79.49 79.44 79.63 80.65 84.29 80.63 80.24,0.02 0.03 0.02 0.0 0.0 0.0 0.0 0.0 0.01 0.0 0.0 0.01
Mumbai,22.78 25.83 27.32 28.87 29.89 29.08 26.54 26.92 26.88 28.07 27.61 26.09,67.08 50.6 61.7 67.92 73.74 78.46 88.42 84.52 87.32 73.23 63.26 60.85,0.0 0.0 0.02 0.0 0.02 0.45 1.53 0.21 0.53 0.01 0.01 0.0
Sao Paulo,21.28 22.06 21.8 18.85 17.64 16.02 16.62 18.45 21.53 20.82 22.63 23.02,84.56 84.68 83.97 85.39 80.63 79.4 76.03 74.09 71.66 84.95 75.98 77.7,0.27 0.37 0.25 0.16 0.07 0.04 0.03 0.05 0.06 0.26 0.19 0.11
Colombo,25.21 25.63 26.47 27.37 27.37 27.06 26.93 27.05 26.04 25.61 25.56 25.92,77.9 82.75 84.31 81.51 85.93 85.93 85.45 84.09 87.75 89.46 90.35 87.85,0.12 0.1 0.19 0.2 0.31 0.53 0.33 0.21 0.77 0.75 0.68 0.55
Cairo,15.65 14.13 19.84 22.69 25.73 29.67 32.25 31.16 30.23 26.08 22.28 17.96,59.0 57.68 44.25 39.63 41.82 40.02 39.52 45.42 44.41 55.92 56.84 63.0,0.01 0.0 0.01 0.0 0.0 0.0 0.0 0.0 0.0 0.0 0.0 0.01
Ho Chi Minh City,25.89 27.65 28.02 29.79 28.83 27.51 27.0 27.46 26.68 26.81 26.82 27.85,74.6 65.39 64.29 70.45 79.22 85.76 86.66 85.02 87.58 87.42 83.27 71.21,0.13 0.02 0.01 0.12 0.33 0.4 0.55 0.46 0.63 0.53 0.17 0.04
Rio de Janeiro,25.9 27.21 27.2 24.05 21.98 20.9 20.81 21.91 24.4 24.6 26.59 26.79,82.26 79.31 73.92 78.55 81.07 77.27 75.25 78.2 71.8 78.73 71.45 73.92,0.3 0.19 0.09 0.14 0.08 0.05 0.06 0.15 0.04 0.09 0.08 0.14
Caracas,19.27 19.18 20.26 21.73 23.5 23.36 23.03 23.78 24.16 23.48 22.68 22.01,86.82 85.29 81.4 79.9 75.8 77.68 80.17 76.77 74.65 81.19 83.73 83.39,0.08 0.08 0.08 0.1 0.08 0.11 0.17 0.12 0.09 0.15 0.12 0.09
Beirut,16.62 14.12 16.81 18.16 20.95 24.03 27.48 28.11 27.42 25.18 22.28 18.77,67.26 66.17 72.44 73.06 76.11 76.65 76.66 74.05 69.59 71.31 69.77 74.78,0.12 0.3 0.12 0.18 0.01 0.01 0.0 0.02 0.01 0.12 0.23 0.42
Dhaka,17.95 21.61 24.66 28.36 28.97 29.69 29.2 28.39 28.51 26.7 23.72 19.8,79.44 68.68 69.13 67.51 72.34 79.4 81.19 85.49 85.02 79.28 74.0 80.03,0.0 0.0 0.12 0.1 0.23 0.46 0.23 0.49 0.36 0.25 0.13 0.05
Tehran,1.98 4.36 12.69 18.16 23.77 29.33 32.4 30.78 26.57 19.49 12.94 8.51,53.39 49.34 50.14 31.41 23.89 21.83 17.96 18.19 22.0 33.92 46.62 45.08,0.05 0.04 0.1 0.03 0.01 0.0 0.0 0.0 0.0 0.04 0.05 0.01
Manila,25.49 26.35 27.06 28.41 29.15 27.99 27.91 27.86 27.28 27.25 27.54 27.27,80.96 75.4 69.66 73.38 75.86 82.56 81.35 82.78 86.37 85.23 79.12 77.6,0.12 0.07 0.03 0.16 0.19 0.41 0.54 0.23 0.48 0.24 0.08 0.1
Lagos,27.05 28.17 28.38 28.36 27.98 26.29 25.9 25.77 25.93 26.98 27.56 27.6,77.69 76.22 77.41 78.96 81.43 83.82 85.25 85.1 85.79 83.91 82.32 78.47,0.02 0.02 0.1 0.14 0.13 0.38 0.31 0.2 0.31 0.16 0.09 0.02
